date,tweet
2021-05-30 23:54:18+00:00,"Government of the lawyers, by the lawyers, and for the lawyers?  Some racket?  Lawyers: Hillary and Bill Clinton, Joe Biden, Barack Obama, and Kamala Harris.  Legal minds have an entire branch of government--the courts."
2021-05-30 23:42:07+00:00,ISIS CREATOR BARACK #OBAMA IN HEADLINE NEWS...........
2021-05-30 23:38:29+00:00,"Joe Biden in 2007 saying that voting machines could be easily manipulated‚Ä¶

President Barack Obama said the same thing in 2007, and again in 2008!
üëáüëáüëá
Subscribe @MAGA_CHANNEL"
2021-05-30 23:34:40+00:00,"It‚Äôs humanly impossible to help white supremacy with their agenda...and help Black folks at the time. Humanly impossible. 

All one has to do is look at Barack Obama. 

Or Joe Biden."
2021-05-30 23:23:37+00:00,"Barack Obama should just stfu... 

Take his money and go away."
2021-05-30 23:17:15+00:00,"Hey @BarackObama. If you were a DJ, what kind of music would you be making? Asking for a friend..."
2021-05-30 23:06:10+00:00,"like barack obama once said

""I think it's time for a nap"""
2021-05-30 23:00:07+00:00,If @KingJames &amp; @BarackObama decided tom 2 go into Chicago &amp; spend a week talking to gangs &amp; spending a fraction of their billions to gather kids on the street/open up programs &amp; employ people to run those programs THAT WOULD MAKE A DIFFERENCE! But. Can‚Äôt F wit their money right?
2021-05-30 22:59:24+00:00,#RedPillBill üëâüêøÔ∏è‚õ∞Ô∏è‚ù§Ô∏è #BSW #RoboCopAlex @LionelMedia @SenSchumer @AOC @SpeakerPelosi @BarackObama @HillaryClinton @BillClinton @boderek @JoeBiden @KamalaHarris @realDonaldTrump @MeetThePress Tennis star Naomi Osaka fined for not talking to idiots?  Welcome to the 21st Century.
2021-05-30 22:57:49+00:00,A Promised Land - Barack Obama
2021-05-30 22:50:50+00:00,From a tipsy Mike Pence to a thrilling Barack Obama: You have to crawl before you walk. -  The Trashed Hydra
2021-05-30 22:46:29+00:00,Watched Benghazi 13 hours with 6people who never saw movie they were shocked horrified  how #EnemyOfThePeople @BarackObama @ValerieJarrett @HillaryClinton @JoeBiden @AmbRice46 ABANDONED AMERICANS TO WIN ELECTION 2012 and Embarrassed they were unaware of there TREACHERY
2021-05-30 22:40:39+00:00,You‚Äôre going to have a warrant shortly @BarackObama
2021-05-30 22:36:24+00:00,Does anyone have all the TesN rosters and if you do pls send them to me any1? @morguezno @CeejayShaw @BarackObama
2021-05-30 22:28:04+00:00,"You're running for your FREEDOM no your facing DEATH. 
#BarackObama @BarackObama #Joebiden @JoeBiden"
2021-05-30 22:18:56+00:00,barack obama
2021-05-30 22:14:42+00:00,Barack Obama can simply be reinstated.
2021-05-30 22:13:05+00:00,The left is calling Donald Trump the Republican Jesus. If that's the case Barack Obama is the Democrat Jesus.
2021-05-30 22:12:43+00:00,Carmelo Anthony set to star in Space Jam 2 alongside Adam Silver and Barack Obama.
2021-05-30 21:54:39+00:00,We need to internalize this idea of excellence. Not many folks spend a lot of time trying to be excellent. Barack Obama
2021-05-30 21:53:22+00:00,going to bed. can you tuck me in? @BarackObama
2021-05-30 21:48:58+00:00,Barack Obama Is The Greatest memer Of Our Generation.
2021-05-30 21:34:05+00:00,Requesting @BarackObama take a lie detector test
2021-05-30 21:19:33+00:00,"Hunter Biden Violated Divorce Settlement by Not Paying Delinquent Taxes

@nytimes @POTUS @WhiteHouse @VP @PressSec @BarackObama @RonaldKlain @SteveRicchetti @MikeDonilon @StefFeldman @AmbassadorRice @washingtonpost @LATimesSJ"
2021-05-30 21:08:48+00:00,"""Gain of Function"" projects, which involves tweaking natural viruses to make them more infectious, had been outlawed by former US President Barack Obama."
2021-05-30 21:06:00+00:00,"if Jesus saw all the sins of the world and still decided to die, does that mean he knew people would be jerking it to fuckin Barack Obama hentai and still decided to die?"
2021-05-30 20:56:02+00:00,FEELING LIKE A BLACK DEMOCRAT BARACK OBAMA
2021-05-30 20:37:34+00:00,Day 16 of trying to get @BarackObama to follow me
2021-05-30 20:37:00+00:00,The reason why Barack Obama hasn't came out and said he is a muslim is because Chuck Norris is still alive
2021-05-30 20:31:47+00:00,Flapper Barack Obama
2021-05-30 20:20:55+00:00,''Once upon a time.. there lived a furry deep in the desserts of pee pee island!! The person's name is Barack obama and he really liked Bernie sanders a lot!! THE END!!
2021-05-30 20:11:03+00:00,One voice can change a room. Barack Obama
2021-05-30 20:05:29+00:00,Day 26 of asking @BarackObama to play apex legends with me.
2021-05-30 19:57:59+00:00,Barack Obama state of mind; yes we can!!
2021-05-30 19:50:02+00:00,Change will not come if we wait for some other person or some other time. We are the ones we‚Äôve been waiting for. We are the change that we seek. ‚Äî Barack Obama #quotes
2021-05-30 19:43:19+00:00,"Why are @BarackObama and @TuckerCarlson both talking seriously about #UFOs now? Of all things to be worried about now with ongoing civil war in the streets, early stage economic collapse, our governments going full communist, the Wuhan virus being leaked from a lab... UFOs?!"
2021-05-30 19:40:11+00:00,watching the Barack Obama episode of The Shop on hbo.
2021-05-30 19:35:19+00:00,Former President Barack Obama had the most death threats of a modern day President on his life and family but you want me to care that Biden's white? I thought Republicans didn't talk about race and divisiveness??? CRY ME A RIVER
2021-05-30 19:29:23+00:00,Barack Obama helps capitalists!
2021-05-30 19:24:30+00:00,"Pick 15 Twitter guests you‚Äôd
want at your dinner party.

@BarackObama 
@MichelleObama 
@KamalaHarris 
@JoeBiden 
@JohnMayer 
@richardmarx 
@TheSaltNPepa 
@badbitchinaz 
@JLVsTW1 
@evilhag 
@Sethrogen 
@HillaryClinton 
@davidmweissman 
@Drake
@jrpsaki"
2021-05-30 19:21:05+00:00,"""The human condition can be absurd, and if you learn to laugh about it, then that helps you get through pain and hardship and difficulty."" - @BarackObama"
2021-05-30 19:19:27+00:00,Biden should ask Obama and Bush to head up a bipartisan investigation into 1/6. @JoeBiden @BarackObama  @SpeakerPelosi @RepAdamSchiff @DianeFeinstein @tedlieu @RepKarenBass @alexpadilla4CA
2021-05-30 19:12:46+00:00,Dion Waiters set to star in Space Jam 2 alongside Barack Obama and Ruth Bader Ginsburg.
2021-05-30 19:09:59+00:00,"I spent my whole life working toward The white half of Barack Obama , only to have it ruined by Fiery poos ."
2021-05-30 19:06:19+00:00,"Absolutely ridiculous that a black actress is to play Anne Boleyn. PC, wokeism stretched to its laughable extreme!

Historical accuracy has to give way to PC madness. 

I bet Barack Obama will never be played by a white actor."
2021-05-30 18:58:40+00:00,"WouldYouVoteForABarackObama 3rdTerm? UrgentPublicOpinionPoll:
WouldYouVote for a BarackObama 3rdTerm? YES -Barack Obama is a GreatPresident &amp; BetterThanThe Choices We Had in 2020.
(13,705) VOTE
NO -He Was A Terrible President &amp; I Am Happy He Is No Longer In Office.
(234,658) VOTE"
2021-05-30 18:57:13+00:00,You are not the boss! Barack Obama is the boss!
2021-05-30 18:55:43+00:00,Barack Obama is brilliant.
2021-05-30 18:48:26+00:00,"Western Union Telegram
for: Barack Obama

start.....""connected to the world with assurance wireless, its a great phone, thank you for the |others| thoughts in your administration work as president, Live Long and Prosper"".....stop

....
data mine |return|"
2021-05-30 18:36:34+00:00,Was Barack Obama bad or something I always thought he was pretty cool as a kid
2021-05-30 18:28:40+00:00,Barack Obama Made me join twitter
2021-05-30 18:28:26+00:00,"""If we'd gone in sooner, I believe we could have saved at least a third of the lives that were lost...it had an enduring impact on me."" B Clinton 
@POTUS @FOTUS @VP @SecBlinken @BillClinton @HillaryClinton @BarackObama @MichelleObama @antonioguterres @BorisJohnson #TigrayGenocide"
2021-05-30 18:23:04+00:00,"2/2 Seriously though it's ""Before Christ"" and ""Anno Domino"" year of our Lord. That's it. ""Common era""? Well Christ is not common. This should be trashed with all the rest of @BarackObama's looney  ideas. #TakeOurCountryBack and #Maga. @DonaldTrumpJrA1 this is VERY important."
2021-05-30 18:16:25+00:00,I won't be watching #AnneBoleyn played by a black actress. This is false and a insult to our history. How about a white #RosaParks or white #BarackObama? They wouldn't like that!
2021-05-30 18:16:06+00:00,"This union may never be perfect, but generation after generation has shown that it can always be perfected.

-Barack Obama"
2021-05-30 18:02:40+00:00,"I¬¥m making a Mutual Tournament but it¬¥s going to be a bit different. We jump straight to the finale were my 2 Fav. Mutual Battle it out. Vote down below!

@BarackObama vs @JohnCena"
2021-05-30 18:00:27+00:00,"#FriendlyReminder ‚ÄúIt‚Äôs just not particularly genuine‚Äù Hon @SherrodBrown ‚Äúüêòrefuse to go big Their leader has said they want Biden to fail"" @JoeBiden @BarackObama @harrisonjaime @chuckschumer @TeamPelosi @TheDemocrats #MitchMcConnellHatesAmericans #DemocratsAreAllergicToPower"
2021-05-30 18:00:14+00:00,gf who was Barack Obama's chief of staff from 2008 - 2010 bf who is on a mission to Mars
2021-05-30 17:58:29+00:00,Barack Obama follows the twitter account of finnish social democrats ‚ù§Ô∏è
2021-05-30 17:52:38+00:00,I am that evil African communist that racist White people in USA think Barack Obama is.
2021-05-30 17:52:28+00:00,‚ÄúYou can‚Äôt let your failures define you. You have to let your failures teach you.‚Äù ‚Äì Barack Obama
2021-05-30 17:41:49+00:00,Barack Obama was just on here following anydamnbody.
2021-05-30 17:33:43+00:00,"My Sunday daydreams:

‚ÄúI‚Äôm Barack Obama.‚Äù
‚ÄúAnd I‚Äôm Joe Biden!‚Äù
‚ÄúWe were in the White House together.‚Äù
‚ÄúAnd we‚Äôre best friends!‚Äù
‚ÄúAnd each week we‚Äôll bring you behind-the-scenes footage that only two people - who were there - could tell you.‚Äù
‚ÄúWe‚Äôre the White House Gentlemen.‚Äù"
2021-05-30 17:21:32+00:00,"Government of the lawyers, by the lawyers, and for the lawyers?  Some racket?  Lawyers: Hillary and Bill Clinton, Joe Biden, Barack Obama, and Kamala Harris.   Legal minds have an entire branch of government--the courts."
2021-05-30 17:20:33+00:00,"Pick 15 Twitter guests you‚Äôd
want at your dinner party.

@BarackObama
@POTUS
@MelissaJPeltier
@FPWellman
@RandyRainbow
@soledadobrien
@DrDenaGrayson
@MalcolmNance
@fred_guttenberg
@davidmweissman
@cmclymer
@DebraMessing
@joncoopertweets
@MollyJongFast
@Canelo
@GaryOldmanWeb"
2021-05-30 17:18:57+00:00,If I'm really nervous but he believed in their subs from subway...I Do.. hah its nice to have them just fyi Hey @BarackObama...
2021-05-30 17:07:54+00:00,"Government of the lawyers, by the lawyers, and for the lawyers?  Some racket?  Lawyers: Hillary and Bill Clinton, Joe Biden, Barack Obama, and Kamala Harris.  Legal minds have an entire branch of government--the courts."
2021-05-30 16:55:02+00:00,"‚ÄúThe Fake News Media is working with Democrats to try to convince the American people that the $6 trillion is necessary, even trying to sell it as mostly ‚Äúinfrastructure‚Äù spending‚Äù. Per  Furman who served as the Chair of Barack Obama‚Äôs Council of Economic Advisers"
2021-05-30 16:31:36+00:00,"MY GOD!! WHY BARACK OBAMA, YOU SON OF A BITCH, WHY, TELL ME WHY!"
2021-05-30 16:30:32+00:00,It‚Äôs Memorial Day.  Not a word from @BarackObama @SenSchumer @SpeakerPelosi @HillaryClinton  They hate this country.
2021-05-30 16:28:22+00:00,A reason why Barack Obama 's past is sealed and not public is because of his work for the Mars jumproom project in the 1980's and because he became a CIA asset through intelligence gained from the future #ObamaGate.
2021-05-30 16:25:25+00:00,great talk @BarackObama glad we could sort stuff out.
2021-05-30 16:20:44+00:00,"Surveying the field of conservative policy victories, I am reminded of these words:

""Elections have consequences."" - Former President Barack Obama

Words to remember as the 2021 Regular Session comes to a close, #txlege."
2021-05-30 16:20:41+00:00,#RedPillBill üëâüêøÔ∏è‚õ∞Ô∏è‚ù§Ô∏è #BSW #SquirrelHillForever #RoboCopAlex @LionelMedia @SenSchumer @AOC @SpeakerPelosi @BarackObama @HillaryClinton @BillClinton @boderek @JoeBiden @KamalaHarris @realDonaldTrump @MeetThePress On Jan 6 Capitol Hill tours had been suspended because of Covid.
2021-05-30 16:18:42+00:00,"Barack Obama also knew he would become President and because of this he participated in the Mars jumproom project in the 1980's with Andrew Basiago, Regina Dugan, Brett Stillings and Bernard Mendez #ObamaGate."
2021-05-30 16:06:26+00:00,#RedPillBill üëâüêøÔ∏è‚õ∞Ô∏è‚ù§Ô∏è #BSW #SquirrelHillForever #LeapFrogLaura #CCPSellOuts #RoboCopAlex @LionelMedia @SenSchumer @AOC @SpeakerPelosi @BarackObama @HillaryClinton @BillClinton @boderek @JoeBiden @KamalaHarris @realDonaldTrump @MeetThePress Chuck Todd.  What a periwinkle crayon.
2021-05-30 15:51:48+00:00,From a lit Barack Obama to a enchanting Hillary Clinton: Beggars can't be choosers. -  The Silly Icthyocentaur
2021-05-30 15:51:35+00:00,"#BarackObama fixed his mouth to say take the #vaccine, maybe I'll take it now‚ÅâÔ∏è"
2021-05-30 15:47:10+00:00,Message to Supreme Court Justice Clarence Thomas Thurgood Marshall Attorney Benjamin Crump Congressman John Lewis Barack Obama does not agree with your view of the law
2021-05-30 15:43:51+00:00,Did you knew that Barack Obama and Oprah Winfrey do have something in comen? They both said: we don't want that you stay married with Harry we want a brown american to marry him. Did you knew that they treathend me and Harry? Many times i have been the target of Megan. Victorious
2021-05-30 15:43:41+00:00,"I like reading Barack Obama's books since the time I was 13 because it low-key reminds one that idealistic nerds have a chance in life. 

More of our cultural programming needs to be doing that. Teaching children that it's okay to be lost in books and have strong opinions."
2021-05-30 15:41:44+00:00,"That's the good thing about being president, I can do whatever I want. - Barack Obama #QotD #QuoteOfTheDay"
2021-05-30 15:38:00+00:00,"""We live in a culture that discourages empathy. A culture that too often tells us our principle goal in life is to be rich, thin, young, famous, safe, and entertained.""

~Barack Obama"
2021-05-30 15:37:37+00:00,"To: @BarackObama 
From: Anonymous 
‚Äú damm shawty you lookin sexy as hell send toe pics ‚Äú"
2021-05-30 15:36:31+00:00,"The January 6 insurrection and attempted coup was masterminded by hard-left Antifa and many major BLM movement leaders, as well as, Barack Obama, is the rumor. 

You should jump on this and call upon ALL Republicans to vote YES to a FULL 1/6 commission investigation!

*wink wink*"
2021-05-30 15:35:21+00:00,"No question, @JoeBiden learned something, from being the most loyal Vice President in my lifetime, to @BarackObama . He‚Äôs getting the black man treatment, from republicans. You can do what Barack couldn‚Äôt do as president, uncle Joe . Make it ‚Äúwe the people‚Äù again"
2021-05-30 15:31:41+00:00,"2012 Election:

Barack Obama Vs Rick Santorum"
2021-05-30 15:31:28+00:00,Barack Obama wants you to be happy today! üíï
2021-05-30 15:24:37+00:00,"told this man I‚Äôm looking for my Barack Obama , he gon say ‚Äúyou need to be Michelle then‚Äù nigga no I‚Äôm also a Barack."
2021-05-30 15:19:52+00:00,BarackObama please follow this account!„Äêtkmc3„Äëa
2021-05-30 15:18:38+00:00,batmen new movie full online youtube free indian subs [UPLOADED ONLINE HD IN THE DESCRIPTION] - punjabi movie online marvel dc disney @BarackObama
2021-05-30 15:18:01+00:00,"President Barack Obama applauds after presenting the Medal of Honor to Army Sgt. Kyle J. White 5/13/14! Not Biden! Upshot: In the space of three minutes, Biden got the time period, the location, the heroic act, the medal, the military branch, hero‚Äôs rank and his role! Lying Joe!"
2021-05-30 15:12:40+00:00,went to the town called Emo AND went to barack obama plaza for the first time since lockdown someone hold me
2021-05-30 15:12:28+00:00,"""Our nation owes a debt to its fallen heroes that we can never fully repay.""

-Barack Obama (2011)"
2021-05-30 15:12:16+00:00,Imagine if Barack obama bought Manchester United by the help of Marcus Rashford #MUFC Barack is a sports fan from before and seem to understand the game
2021-05-30 15:07:16+00:00,#RedPillBill üëâüêøÔ∏è‚õ∞Ô∏è‚ù§Ô∏è #BSW #RoboCopAlex @LionelMedia @SenSchumer @AOC @SpeakerPelosi @BarackObama @HillaryClinton @BillClinton @boderek @JoeBiden @KamalaHarris @realDonaldTrump @MeetThePress  Dante reserved his lowest levels of Hell for corrupt politicians ... Chuck.
2021-05-30 15:07:03+00:00,"Republicans and most Caucasians feel they are the most patriotic and love America the most.... which explains the phony outrage over Harris tweet and crickets about Biden's.

This is about painting Harris like they did Barack Obama boys and girls.

They can't  tag Joe so......."
2021-05-30 15:05:44+00:00,"USA Allowed a half Kenyan(@BarackObama ),half Jamaican&amp;half Indian(@VP) to rule as president&amp;vice president respectively, allowed an Austrian, Mr COMMANDO, Schwarzenegger,to be governor Tshiani is wasting time with 100 % Congolese laws.Then some Africans say white people are bad."
2021-05-30 15:05:09+00:00,"#RedPillBill üëâüêøÔ∏è‚õ∞Ô∏è‚ù§Ô∏è #BSW #SquirrelHillForever #LeapFrogLaura #HardBoiledPittsburgh #RoboCopAlex @LionelMedia @SenSchumer @AOC @SpeakerPelosi @BarackObama @HillaryClinton @BillClinton @boderek @JoeBiden @KamalaHarris @realDonaldTrump @MeetThePress ""Nonsense.""  See above."
2021-05-30 15:05:05+00:00,Speech writers for @JoeBiden @POTUS  @BarackObama are damn good !#MemorialDay2021
2021-05-30 15:04:08+00:00,"#RedPillBill üëâüêøÔ∏è‚õ∞Ô∏è‚ù§Ô∏è #BSW #SquirrelHillForever #LeapFrogLaura #RoboCopAlex @LionelMedia @SenSchumer @AOC @SpeakerPelosi @BarackObama @HillaryClinton @BillClinton @boderek @JoeBiden @KamalaHarris @realDonaldTrump @MeetThePress ""You don't play nice, Alex.""  Alex isn't playing."
